{"cameraMode":{"drawMode":0,"name":"Shaded","section":"Shading Mode"},"sceneLighting":true,"audioPlay":false,"sceneViewState":{"m_AlwaysRefresh":false,"showFog":true,"showSkybox":true,"showFlares":true,"showImageEffects":true,"showParticleSystems":true,"showVisualEffectGraphs":true,"m_FxEnabled":true},"in2DMode":false,"pivot":{"x":0.36770716309547427,"y":-0.8213890790939331,"z":1.3568600416183472},"rotation":{"x":-0.3170206844806671,"y":-0.1800445020198822,"z":0.06143089383840561,"w":-0.9291448593139648},"size":1.1557295322418213,"orthographic":false}