{"cameraMode":{"drawMode":0,"name":"Shaded","section":"Shading Mode"},"sceneLighting":true,"audioPlay":false,"sceneViewState":{"showFog":true,"showMaterialUpdate":false,"showSkybox":true,"showFlares":true,"showImageEffects":true,"showParticleSystems":true},"in2DMode":false,"pivot":{"x":0.05225426331162453,"y":0.15923944115638734,"z":0.31787770986557009},"rotation":{"x":-0.2971069812774658,"y":-0.029501963406801225,"z":0.009184298105537892,"w":-0.9543465971946716},"size":0.4220646619796753,"orthographic":false}