{"cameraMode":{"drawMode":0,"name":"Shaded","section":"Shading Mode"},"sceneLighting":true,"audioPlay":false,"sceneViewState":{"showFog":true,"showMaterialUpdate":false,"showSkybox":true,"showFlares":true,"showImageEffects":true,"showParticleSystems":true},"in2DMode":false,"pivot":{"x":-0.04414064437150955,"y":-0.233298659324646,"z":0.9001073837280273},"rotation":{"x":-0.40224385261535647,"y":0.03623724356293678,"z":-0.015935948118567468,"w":-0.914681077003479},"size":0.3958853483200073,"orthographic":false}