{"cameraMode":{"drawMode":0,"name":"Shaded","section":"Shading Mode"},"sceneLighting":true,"audioPlay":false,"sceneViewState":{"showFog":true,"showMaterialUpdate":false,"showSkybox":true,"showFlares":true,"showImageEffects":true,"showParticleSystems":true},"in2DMode":false,"pivot":{"x":0.066253662109375,"y":-0.288726806640625,"z":0.82427978515625},"rotation":{"x":0.18788190186023713,"y":-0.09509792923927307,"z":0.0206952802836895,"w":0.9776981472969055},"size":0.5658615827560425,"orthographic":true}