{"cameraMode":{"drawMode":0,"name":"Shaded","section":"Shading Mode"},"sceneLighting":true,"audioPlay":false,"sceneViewState":{"showFog":true,"showMaterialUpdate":false,"showSkybox":true,"showFlares":true,"showImageEffects":true,"showParticleSystems":true},"in2DMode":false,"pivot":{"x":0.17791748046875,"y":-0.061248779296875,"z":0.605682373046875},"rotation":{"x":0.1547475904226303,"y":0.6146759986877441,"z":-0.12555177509784699,"w":0.7634231448173523},"size":0.18253307044506074,"orthographic":true}