{"cameraMode":{"drawMode":0,"name":"Shaded","section":"Shading Mode"},"sceneLighting":true,"audioPlay":false,"sceneViewState":{"showFog":true,"showMaterialUpdate":false,"showSkybox":true,"showFlares":true,"showImageEffects":true,"showParticleSystems":true},"in2DMode":false,"pivot":{"x":0.121429443359375,"y":0.0283203125,"z":0.4173583984375},"rotation":{"x":0.2038716971874237,"y":0.631523847579956,"z":-0.17812155187129975,"w":0.7268608212471008},"size":0.16144295036792756,"orthographic":true}