{"cameraMode":{"drawMode":0,"name":"Shaded","section":"Shading Mode"},"sceneLighting":true,"audioPlay":false,"sceneViewState":{"showFog":true,"showMaterialUpdate":false,"showSkybox":true,"showFlares":true,"showImageEffects":true,"showParticleSystems":true},"in2DMode":false,"pivot":{"x":0.1131591796875,"y":0.030426025390625,"z":0.642730712890625},"rotation":{"x":0.28543955087661745,"y":0.08314016461372376,"z":-0.025468451902270318,"w":0.9546769857406616},"size":0.3135230839252472,"orthographic":true}