{"cameraMode":{"drawMode":0,"name":"Shaded","section":"Shading Mode"},"sceneLighting":true,"audioPlay":false,"sceneViewState":{"showFog":true,"showMaterialUpdate":false,"showSkybox":true,"showFlares":true,"showImageEffects":true,"showParticleSystems":true},"in2DMode":false,"pivot":{"x":-0.0029296875,"y":0.07511734962463379,"z":0.598785400390625},"rotation":{"x":0.06814225763082504,"y":-0.9169307351112366,"z":0.18574388325214387,"w":0.34753337502479555},"size":0.250278115272522,"orthographic":true}