{"cameraMode":{"drawMode":0,"name":"Shaded","section":"Shading Mode"},"sceneLighting":true,"audioPlay":false,"sceneViewState":{"showFog":true,"showMaterialUpdate":false,"showSkybox":true,"showFlares":true,"showImageEffects":true,"showParticleSystems":true},"in2DMode":false,"pivot":{"x":0.059112548828125,"y":0.0565185546875,"z":0.53045654296875},"rotation":{"x":0.13572958111763,"y":0.01972947083413601,"z":-0.00029575888765975833,"w":0.9908846020698547},"size":0.16490894556045533,"orthographic":true}